Brand,Product,Barcode,Stock,Price
Beauty of Joseon,Revive Eye Serum : Ginseng + Retinal 30ml,8809738316146,18000,7.61
Beauty of Joseon,Relief Sun : Rice + Probiotics 50ml,8809782555508,18000,7.87
Beauty of Joseon,(1EA) Centella Asiatica Calming Mask 25ml,8809525246014,18000,0.84
Beauty of Joseon,Glow Serum : Propolis+Niacinamide 30ml,8809657114960,1549,7.61
Beauty of Joseon,Dynasty Cream 50ml,8809525249565,18000,10.16
Beauty of Joseon,Relief Sun Aqua-fresh : Rice + B5 50ml,8809968130277,1376,7.87
Beauty of Joseon,Ginseng Cleansing Oil 210ml,8809968130130,18000,8.45
Beauty of Joseon,Green Plum Refreshing Cleanser 100ml,8809738314678,0,5.56
Beauty of Joseon,Glow Deep Serum : Rice + Arbutin 30ml,8809738312728,18000,7.61
Medicube,COLLAGEN NIGHT WRAPPING MASK 75ml,8800256118984,18000,9.35
BIODANCE,[EU}Hydro Cera-nol Real Deep Mask 1Box (34g*4ea),8809937361664,360,8.25
Beauty of Joseon,Revive Serum : Ginseng+Snail Mucin 30ml,8809738316139,18000,7.61
Beauty of Joseon,Glow Replenishing Rice Milk 150ml,8809968130239,6214,7.87
Beauty of Joseon,Radiance Cleansing Balm 100ml,8809606851663,17521,8.17
Dr.Althea,147 Barrier Cream 50ml,8809447251363,18000,10.23
Beauty of Joseon,Ground Rice and Honey Glow Mask 150ml,8809968130246,18000,7.87
Beauty of Joseon,Red Bean Refreshing Pore Mask 140ml,8809738316986,18000,8.45
Beauty of Joseon,Ginseng Essence Water 150ml,8809738310960,18000,7.87
Beauty of Joseon,Calming serum : Green tea + Panthenol 30ml,8809738316412,18000,7.61
Beauty of Joseon,Green plum refreshing toner : AHA + BHA (150ml),8809968130123,11342,8.37
Medicube,DEEP VITA C CAPSULE CREAM 55g,8800256119011,18000,11.99
COSRX,Advanced Snail 92 All In One Cream 100ml (EU Package),8809416470016,3476,6.96
Medicube,COLLAGEN JELLY CREAM 110ml,8800256118991,18000,10.78
Round Lab,(Pouch Sample) Birch Juice Moisturizing Cream 2ml,8809864762268,1140,0.13
Beauty of Joseon,Matte sun stick : Mugwort + Camilia 18g,8809864766884,18000,7.87
Beauty of Joseon,Apricot Blossom Peeling Gel 100ml,8809738312872,1053,5.67
Medicube,COLLAGEN JELLY CREAM 50ml,8800256119004,18000,6.45
BIODANCE,Radiant Vita Niacinamide Real Deep Mask 1Box (34g*4ea),8809891184590,18000,8.25
Medicube,[Renew]TRIPLE COLLAGEN SERUM 4.0 55ml,8800289470462,331,5.39
Round Lab,(EU) ROUND LAB BIRCH JUICE CLEANSER 150ml,8809657116544,18000,5.2
Dr.Althea,[Renew] Vitamin C Boosting Serum 30ml,8809447255385,18000,7.43
COSRX,AHA/BHA Clarifying Treatment Toner 150ml (EU Package),8809416470030,2683,4.62
Medicube,TRIPLE COLLAGEN CREAM 4.0 50ml,8800256118977,5941,10.78
Round Lab,(EU) Birch Juice Sun Cream 50ml,8809782551814,18000,7.52
Round Lab,(EU) 1025 DOKDO TONER_200ml,8809657114731,5917,6.15
Dr.Althea,Pure Grinding Cleansing Balm 50ml,8809447255071,18000,6.88
BIODANCE,Refreshing Sea Kelp Real Deep Mask 1Box (34g*4ea),8809891184576,18000,8.25
Beauty of Joseon,Dynasty Cream 100ml,8809954941498,9418,15.55
Round Lab,(sample) Mugwort CALMING CLEANSER _2ml,8809864752511,0,0.12
Round Lab,(sample) Mugwort CALMING SERUM_2ml,8809864761360,0,0.12
Medicube,PDRN PINK COLLAGEN GEL MASK 4EA,8800289474873,240,6.28
Medicube,[Renew]TRIPLE COLLAGEN TONER 4.0 140ml,8800256118960,1350,5.39
Beauty of Joseon,Red Bean Water Gel 100ml,8809738316993,8239,8.06
Skin1004,(EU) Madagascar Centella Ampoule 55ml (EU PACKAGE),8809913830528,18000,6.86
Medicube,ZERO PORE PAD MILD (70pcs),8800256119059,2847,10.12
VT COSMETICS,MILD REEDLE SHOT 50 2-STEP MASK (EU Package),8803463006020,12887,0.89
ANUA,PDRN HYALURON 100 SERUM MASK,8809640737763,6049,1.04
PURITO SEOUL,Mighty Bamboo Panthenol Cream 100ml,8809563103430,13349,8.88
Haruharu Wonder,Black Rice Deep Cleansing Oil 150ml,8809532221349,509,8.66
VT COSMETICS,VT Reedle shot 300 (EU Package),8809695678431,0,12.86
COSRX,BHA Blackhead Power Liquid (EU Package),8809416470054,1876,6.79
VT COSMETICS,MILD REEDLE SHOT 700 2-STEP MASK (EU Package),8803463006051,2036,1.49
COSRX,Aloe Soothing Sun Cream SPF50 50ml (EU Package),8809598454354,4902,4.7
Haruharu Wonder,WONDER Black Rice Hyaluronic Toner 150ml_For Sensitive,8809532221462,6416,5.63
Dr.Althea,Gentle Vitamin C Serum 30ml,8809447255101,18000,7.43
TOCOBO,COTTON SOFT SUN STICK SPF50+ PA++++,8809835060041,11870,6.86
Medicube,KOJIC ACID TURMERIC BRIGHTENING GEL MASK(28g*4ea),8800289475009,9270,6.61
Medicube,ONE DAY EXOSOME SHOT PORE AMPOULE 7500 30ml,8800256119035,8077,10.87
Round Lab,(EU) 1025 DOKDO CREAM_80ml,8809738600245,5269,11.84
PURITO SEOUL,Wonder Releaf Centella Serum Unscented 60ml,8809563100316,18000,9.37
Medicube,ZERO PORE BLACKHEAD MUD MASK 100g,8800289474880,8120,5.73
PURITO SEOUL,Wonder Releaf Centella Spot Patch,8809563100330,18000,3.93
Medicube,COLLAGEN GLOW BOOSTER SERUM 15ml,8809981339206,13621,8.36
COSRX,Advanced Snail Peptide Eye Cream 25ml (EU Package),8809598455412,474,9.16
Haruharu Wonder,Black Rice Moisture Airyfit Daily Sunscreen 50ml,8809532221707,533,7.04
TOCOBO,BIO WATERY SUN CREAM SPF50+ PA++++,8809835060058,11390,6.34
Beauty of Joseon,Ginseng sun serum 50ml,8809864752689,2132,9.39
Medicube,AGE-R BOOSTER PRO EX,8800256119400,7997,120.44
Medicube,DEEP VITA C PAD (70pcs),8800256109661,0,11.66
ANUA,8 HYALURONIC ACID MOISTURIZING GENTLE GEL CLEANSER 150ml,8809640736117,1175,3.83
Medicube,PDRN PINK CICA SOOTHING TONER_250ml,8800289474897,492,7.36
Beauty of Joseon,(Miniature) Centella Asiatica Vita Serum 10ml,8809971480871,8088,2.97
ANUA,HEARTLEAF 70% INTENSE CALMING CREAM,8809640734670,1052,9.05
Medicube,ONE DAY EXOSOME SHOT PORE AMPOULE 2000 30ml,8800256119028,16651,9.97
Medicube,PDRN PINK HYALURONIC MOISTURIZING CREAM 50ML,8800289474736,3661,6.33
PURITO SEOUL,Dermide Cica Barrier Sleeping Pack 80ml,8809563102136,8506,8.05
ANUA,[4EA] RICE 70 GLOW COLLAGEN MASK,8809640739026,2303,6.79
Round Lab,(EU) BIRCH JUICE SERUM 50ml,8809782553009,908,7.3
Medicube,AGE-R BOOSTER PRO EX PINK,8800256119417,3920,120.44
ANUA,[4EA] PEACH 70 NIACIN BRIGHTENING COLLAGEN MASK,8809640739033,1522,6.79
Dr.Althea,15% Niacinamide Purity Serum 30ml,8809447254609,677,7.72
Medicube,ZERO PORE ONE DAY CREAM 50ml,8800256118908,6863,10.95
ANUA,PEACH 77 NIACIN ENRICHED CREAM 50ml,8809640735653,8903,11.31
Dr.Althea,Amino Acid Gentle Bubble Cleanser 140ml,8809447251400,10757,6.27
ANUA,[4EA] HEARTLEAF 70 SOOTHING COLLAGEN MASK,8809640739040,1646,6.79
IUNIK,Calendula Complete Cleansing Oil 200ml,8809728080255,7216,8.73
IUNIK,Centella Calming Gel Cream 60ml,8809728080118,1880,5.19
Dr.Althea,Rapid Firm Sculpting Cream 45ml,8809447251745,3328,10.56
Medicube,PORE BLACKHEAD DEEP CLEANSING OIL 205ml,8800289474743,3769,6.79
BIODANCE,Cera-nol Gel Toner Pads 60Pads,8809891184552,967,9.04
TOCOBO,CICA CALMING SUN SERUM 50ML SPF50+ PA++++,8809835060447,2177,5.33
Medicube,AGE-R VITA C PRO AMPOULE 20ml,8800256118946,5715,10.11
COSRX,PEPTIDE-132 Ultra Perfect Hair Bonding Shampoo 200ml,8809598457331,4504,8.73
TOCOBO,CICA COOLING SUN STICK SPF50+ PA++++,8809835060454,860,6.61
COSRX,PEPTIDE-132 Ultra Perfect Hair Bonding Oil Serum 28ml,8809598457355,4813,8.73
Round Lab,(EU) 1025 DOKDO LOTION_200ml,8809657114779,0,6.96
ANUA,[RENEW] HEARTLEAF LHA MOISTURE PEELING GEL 120ml,8809640735264,0,5.82
COSRX,PEPTIDE-132 Ultra Perfect Hair Bonding Treatment 120ml,8809598457348,4838,8.73
celimax,(Renew) NONI ENERGY AMPOULE 30ml,8809875907795,0,10.27
PURITO SEOUL,Wonder Releaf Centella Toner 200ml,8809563101009,356,9.22
ANUA,BHA 2% GENTLE EXFOLIATING TONER 150ml,8809640735271,209,8.09
Round Lab,(EU) 1025 Dokdo SLEEPING MASK(PACK)_100ml,8809657115639,1768,7.28
Medicube,ZERO PORE ONE DAY SERUM 30ml,8800289473128,2240,8.8
COSRX,COSRX Master Patch Basic_90pcs (EU Package),8809598454743,1870,7.34
VT COSMETICS,REEDLE SHOT 50 50ml (EU Package),8809559626196,5309,8.07
Medicube,DEEP VITA A RETINOL SERUM 30ml,8800289473142,1693,10.04
COSRX,Full Fit Propolis Light Ampoule 30m (EU Package),8809598454316,0,8.61
Medicube,ZERO PORE SERUM 2.0 37ml,8800256118892,2629,6.42
Dr.Althea,Pore Refresh Grinding Cleansing Balm 50ml,8809447255620,1376,6.88
Heimish,All Clean balm 120ml (cleansing balm),8809481760678,7051,6.69
VT COSMETICS,VT CICA DAILY SOOTHING MASK (EU Package),8809559627490,1485,8.43
MIXSOON,Bean Essence 50ml,8809732912986,2308,7.15
PURITO SEOUL,Wonder Releaf Centella BB Cream #23 Natural Beige 30ml,8809563103706,1410,4.55
TOCOBO,JUICY BERRY PLUMPING LIP OIL 03 BLACK CHERRY,8809835061475,0,3.83
COSRX,Oil Free Ultra Moisturizing Lotion 100 mL,8809416470559,0,6.96
Round Lab,(EU) Soybean Toner 300ml,8809624726370,1469,6.73
TOCOBO,Cica Calming Serum 50ml,8809835060584,249,6.5
Jumiso,Snail Mucin 88 + Peptide Cream 100ml,8809655951451,1601,6.86
ANUA,[RENEW] HEARTLEAF 70 DAILY LOTION 200ml,8809640735998,604,7.8
Dr.Althea,Green Relief Amino Gel Cleanser 100ml,8809447254708,552,6.27
ANUA,HEARTLEAF 70 DAILY LOTION 200ml,8809640734724,2884,7.8
ANUA,HEARTLEAF 80% AMPOULE 30ml,8809640734717,18000,10.66
Medicube,DEEP VITA C PAD (70pcs),8800289474972,5714,11.66
PURITO SEOUL,Oat-in Calming Gel Cream 100ml,8809563101054,0,6.27
Haruharu Wonder,WONDER Black Rice Hyaluronic Toner 150ml,8809532220953,12445,5.63
PURITO SEOUL,Wonder Releaf Centella BB Cream #21 Light Beige 30ml,8809563103690,2323,4.55
Round Lab,(EU) Mugwort Cream 80ml,8809738605721,1627,9.26
Round Lab,(EU) PINE CALMING CICA CLEANSER_150ml,8809864754126,7945,5.05
PURITO SEOUL,Wonder Releaf Centella Toner Unscented 200ml,8809563100347,1144,9.22
MIXSOON,bifida mask pack 5EA,8809732910739,2895,4.19
ANUA,PEACH 77 NIACIN CONDITIONING MILK 150ml,8809640735646,5352,9.23
MIXSOON,Bean Essence 50ml,8809732910159,4067,7.15
COSRX,Full Fit Propolis Light Cream 65ml (EU Package),8809598454323,0,10.26
ANUA,GREEN LEMON VITAMIN C BLEMISH SERUM 20g,8809640735295,281,12.6
PURITO SEOUL,Wonder Releaf Centella Daily Sun Lotion 60ml,8809563103072,6849,8.48
Heimish,All Clean balm Mandarin 120ml (cleansing balm),8809481761996,3454,6.69
Haruharu Wonder,Black Rice Pure Mineral Relief Daily Sunscreen 50ml,8809532221691,0,7.04
PURITO SEOUL,Wonder Releaf Centella BB Cream #27 Sand Beige 30ml,8809563103713,1577,4.55
Pyunkang yul,(EU) Essence Toner 100ml,8809486680353,738,3.92
PURITO SEOUL,Wonder Releaf Centella BB Cream #13 Neutral Ivory 30ml,8809563103676,997,4.55
Round Lab,(EU) Birch Moisture Tone-Up Sunscreen 50ml,8809864769977,1727,6.93
Round Lab,(EU) 1025 DOKDO EYE CREAM_30ml,8809657114632,382,7.68
Heimish,RX Retinol Bakuchiol Eye Cream 30ml,8809481762603,0,8.39
Round Lab,(EU) 1025 DOKDO AMPULE_45g,8809657115479,1255,10.74
IUNIK,Tea Tree Relief Serum 50ml,8809728080071,389,7.43
Medicube,COLLAGEN GLOW BOOSTER SERUM 15ml,8800289474996,447,8.36
TOCOBO,Glow Ritual Lip Balm 001 Coral Water,8809835060782,290,4.43
Mary&May,(EU) Vegan Blackberry Complex Cream Essence 140ml,8809670681692,0,8.15
Round Lab,(EU) 1025 DOKDO TONER_200ml+DOKDO Lotion 200ml,8809657114243,762,13.2
Pyunkang yul,(EU) Calming Deep Moisture Toner 150ml,8809486681480,0,4.38
MIXSOON,Bean Eye Cream 20ml,8809732912320,0,6.6
TOCOBO,CICA CALMING GEL CREAM 75ml,8809835060591,3538,7.85
Jumiso,PORE CLEARING CLEANSING OIL 200ML,8809655951635,872,7.52
Dr.Althea,Anastatica Skin Conditioning Toner 250ml,8809447253152,5575,7.51
AXIS-Y,Dark Spot Correcting Glow Serum 50ml,8809634610034,2326,7.37
Heimish,RX Retinol Bakuchiol Booster Oil 35ml,8809481762641,0,6.19
TOCOBO,JUICY BERRY PLUMPING LIP OIL 00 GLAM MAX,8809835061451,565,3.83
ISNTREE,(EU) YAM ROOT VEGAN MILK CLEANSER 220ml,8809800940125,453,7.44
Heimish,RX Multi Vitamin Dark Spot Cream 50ml,8809481762597,0,7.95
TOCOBO,BIFIDA BIOME ESSENCE 50mL,8809835060010,247,8.63
ANUA,HEARTLEAF SILKY MOISTURE SUNSCREEN 50ml,8809640737275,427,6.94
Heimish,Marine Care Deep Moisture Nourishing Melting Cream 55ml,8809481761248,255,7.16
Round Lab,(EU) Moisture Mild-Up Suncreen_50ml,8809782558523,9530,6.93
TOCOBO,MULTI CERAMIDE CREAM 50mL,8809835060027,0,8.06
Medicube,DEEP VITA C AMPOULE 2.0 30g,8800240566944,676,12.5
Mary&May,(EU) Niacinamide + Chaenomeles Sinensis Serum 30ml,8809670680848,274,5.29
Medicube,DEEP VITA C AMPOULE 2.0 30g,8800289474927,7592,12.5
Dr.Althea,Marine Anti-Blemish Mask 5ea,8809447251998,1134,5.88
Heimish,Watermelon Moisture Soothing Gel Cream 110ml,8809481761378,633,7.03
Numbuzin,No.3 Skin Softening Serum 50ml,8809652580036,0,6.6
ANUA,PEACH 70% NIACINAMIDE SERUM 30ml,8809640735288,2897,7.46
ARENCIA,(EU Package) FRESH BLUE HYSSOP RICE MOCHI CLEANSER 120G,8809562191070,0,7.14
Dr.Althea,Jelly Seal Dewy Mask (28g*4EA),8809447255743,215,4.46
AXIS-Y,Vegan Collagen Eye Serum 10ml,8809634610881,338,8.66
Dr.Althea,Cushion Veil Calming Mask 35g*4EA,8809447255729,211,5.35
ANUA,RICE 7 CERAMIDE HYDRATING BARRIER SERUM 50ml,8809640736131,11593,8.06
TOCOBO,JUICY BERRY PLUMPING LIP OIL 07 PLUM JAM,8809835061529,896,3.83
Numbuzin,No.3 Super Glowing Essence Toner 200ml,8809652580128,0,9.62
BIODANCE,Skin-Glow Essence Cream 50ml,8809937361701,271,14.75
PURITO SEOUL,Timeless Bloom Retinol Spot Cream 30ml,8809563103065,2291,8.48
TOCOBO,JUICY BERRY PLUMPING LIP OIL 02 BERRY BRANDY,8809835061482,865,3.83
TOCOBO,LEMON SUGAR SCRUB LIP MASK 20ml,8809835062014,275,5.86
ISNTREE,(EU) GREEN TEA FRESH SERUM 50ml,8809738322154,1359,8.99
Dr.Althea,Oasis Soothing Mask 5ea,8809447251936,921,6.23
Jumiso,Pore-Purifying Salicylic Acid Foaming Cleanser 120g,8809655951376,1171,5.73
Medicube,ZERO PORE CREAM 2.0 50ml,8800289474729,2204,8.32
VT COSMETICS,100 VITA-LIGHT REEDLE SHOT (2ml*10ea) (EU Package),8803463007256,623,4.21
Mary&May,(EU) Vitamine B5 + Bifida Toner 120ml,8809670681135,465,5.59
Skin1004,Madagascar Centella Air-Fit Suncream Plus 50ml,8809576261301,1285,8.51
ELROEL,BLANC COVER CREAM STICK MEDIUM 13g,8809527486678,0,10.89
TOCOBO,Cica Calming Aqua Toner 200ml,8809835060577,0,6.17
COSRX,AC Collection Lightweight Soothing Moisturizer 80ml_2.0 (EU Package),8809598453586,253,6.6
ISNTREE,(EU) CLEAR SKIN 8% AHA ESSENCE 100ml,8809800940149,1726,4.63
TOCOBO,Powder Cream Lip Balm 031 Rose Burn,8809835060799,0,5.03
FWEE,Lip&Cheek Blurry Pudding Pot ND04 My 5g,8809652582511,1270,8.09
IUNIK,Propolis Vitamin Synergy Serum 50ml,8809728080392,910,7.43
ISNTREE,(EU) ONION NEWPAIR GEL CREAM_50ml,8809783322635,309,4.4
ISNTREE,(EU) REAL ROSE CALMING MASK 100ML,8809581076334,463,6.17
BIODANCE,Hydro Cera-nol Ampoule 50ml,8809937361688,445,18.4
TOCOBO,Vita Glazed Lip Mask 20ml,8809835060225,10292,6.22
PURITO SEOUL,Daily Soft Touch Sunstick 20g,8809563103843,332,7.02
Round Lab,(EU) Birch Juice Moisutrizing Sun Cushion_15g,8809782556628,830,6.86
Pyunkang yul,(EU) Moisture serum 100ml,8809486680063,583,8.14
TOCOBO,Sun Care Mini Duo,8809835060201,0,3.51
ISNTREE,(EU) YAM ROOT VEGAN MILK TONER_200ml,8809800940514,991,5.98
FWEE,Lip&Cheek Blurry Pudding Pot RS03 Faded 5g,8809652582757,664,8.09
ISNTREE,CHESTNUT BHA 2% CLEAR LIQUID 100ml,8809783322666,484,6.73
Pyunkang yul,(EU) Moisture ample 100ml,8809486680025,1042,8.45
FWEE,Fingerlike Silicone Lip Brush,8809652583112,1868,3.07
FWEE,Lip&Cheek Blurry Pudding Pot ND03 Without 5g,8809652582504,666,8.09
Dr.Althea,Green Tea Fresh Sunscreen 45ml,8809447255989,1888,7.52
Dr.Althea,Aqua Glowing Sunscreen 45ml,8809447255972,1915,7.52
KSECRET,(GLOBAL) Eye Cream : Retinal Liposome 4% + Fermented Bean,8809695240577,3265,8.51
ISNTREE,ONION NEWPAIR B5 AMPOULE_50ml,8809800940712,598,7.02
EDGE U,SAND WAVE,8809785846641,729,1.1
TOCOBO,Calamine pore Control Cleansing Oil 200ml,8809835062021,10409,7.1
TIRTIR,MASK FIT RED CUSHION 21N IVORY,8809679696451,0,10.23
ISNTREE,(EU) SPOT SAVER MUGWORT CREAM 50ML,8809800940187,1063,8.55
Mary&May,(EU) Lemon Niacinamide Glow Wash off Pack 125g,8809670681593,725,7.99
PURITO SEOUL,Fermented Complex 94 Boosting Essence 150ml,8809563102006,0,8.48
FWEE,Lip&Cheek Blurry Pudding Pot RS05 Film 5g,8809652582771,1373,8.09
FWEE,Lip&Cheek Blurry Pudding Pot PK01 Baby 5g,8809652582580,824,8.09
AXIS-Y,PHA Resurfacing Glow Peel 50ml,8809634610362,0,7.04
ISNTREE,(EU) MUGWORT CALMING AMPOULE 50ml,8809800940194,916,9.77
KSECRET,(GLOBAL) Cream : Retinal Liposome 1% + Fermented Rice,8809695240584,292,9.09
TIRTIR,Mask Fit Red Cushion 17N Vanilla,8809928134864,0,10.23
TOCOBO,VITA BERRY PORE TONER 150mL,8809835060065,775,7.21
ISNTREE,(EU) ALOE SOOTHING EMULSION 120ML,8809541190247,0,9.46
PURITO SEOUL,Clear Code Superfruit Serum 30ml,8809563102730,0,7.74
ISNTREE,ONION NEWPAIR ESSENCE TONER_200ml,8809783322642,678,6.73
AXIS-Y,Spot the Difference Blemish Treatment 15ml,8809634610249,232,5.95
Heimish,(EU) RX AMINO KERATIN HEAT PROTECTING LEAVE IN TREATMENT 150ml,8809481762573,414,5.98
KSECRET,(GLOBAL) Retinal Liposome 2% + Black Ginseng 30ml,8809695240508,2537,8.51
ISNTREE,(60EA) ONION NEWPAIR CLEAR PAD 250ml,8809800940460,415,8.2
Haruharu Wonder,Centella Phyto & 5 Peptide Concentrate Cream 30ml,8809532221790,0,7.73
FWEE,Lip&Cheek Blurry Pudding Pot RD02 Mule 5g,8809652582641,1399,8.09
Heimish,Black Tea Mask Pack 110ml,8809481760906,0,6.59
AXIS-Y,Sunday Morning Refreshing Cleansing Foam 120ml,8809634610096,0,5.85
FWEE,Lip&Cheek Blurry Pudding Pot PK02 Skirt 5g,8809652582597,1570,8.09
FWEE,Lip&Cheek Blurry Pudding Pot PK05 Sth 5g,8809652582627,751,8.09
AXIS-Y,Complete No-Stress Physical Sunscreen 50ml Ver.3,8809634610119,409,8.12
Heimish,RX AHA BHA PEELING SERUM 35ml,8809481762627,0,5.95
EDGE U,WAVE PINK MAGNET,8809785848539,575,1.1
PURITO SEOUL,Wonder Releaf Centella BB Cream #15 Rose Ivory 30ml,8809563103683,1870,4.55
FWEE,Lip&Cheek Blurry Pudding Pot PK03 Cherry 5g,8809652582603,716,8.09
FWEE,Lip&Cheek Blurry Pudding Pot CR04 Seventeen 5g,8809652582566,1195,8.09
FWEE,Lip&Cheek Blurry Pudding Pot MV03 Baddie 5g,8809652582702,1765,8.09
EDGE U,WAVE GOLD MAGNET,8809785848508,610,1.1
EDGE U,STELLAR MAGNET,8809785848263,582,1.1
TIRTIR,Mask Fit Red Cushion 17W French Vanilla,8809928134871,0,10.23
TOCOBO,AHA BHA LEMON TONER 150mL,8809835060003,908,7.35
KSECRET,(GLOBAL) Essence : Snail Mucin 97% + Rice 100ml,8809695240515,418,7.8
FWEE,Lip&Cheek Blurry Pudding Pot RS04 Memories 5g,8809652582764,983,8.09
KSECRET,(GLOBAL) Cream : Snail Mucin 93% + Rice,8809695240591,832,7.8
EDGE U,PRIMADONNA,8809785847068,907,1.1
KSECRET,(GLOBAL) Cleansing Oil : Pine Cica 1% + Probiotics 200ml,8809695240560,226,7.14
Mary&May,(EU) Citrus Unshiu + Tremella Fuciformis Serum30ml,8809670680855,217,5.59
KSECRET,(GLOBAL) Cleansing Foam : Pine Cica 1% + Probiotics 150ml,8809695240553,235,5.19
EDGE U,STARRY NIGHT,8809785846764,0,1.1
FWEE,Lip&Cheek Blurry Pudding Pot RS02 Lyrics 5g,8809652582740,811,8.09
COSRX,AC Collection Ultimate Spot Cream 30g (EU Package),8809598453043,0,7.34
FWEE,Lip&Cheek Blurry Pudding Pot CR05 Girls 5g,8809652582573,575,8.09
EDGE U,MIRROR SKY BLUE,8809785848171,0,1.1
EDGE U,ROMANTIC NEON GLOW,8809785848713,0,1.1
FWEE,Lip&Cheek Blurry Pudding Pot CR02 Boy 5g,8809652582542,1228,8.09
EDGE U,MIRROR WHITE,8809785848140,521,1.1
EDGE U,MIRROR VIOLET,8809785848232,836,1.1
Mary&May,(EU) CICA TeaTree Soothing Wash off Pack 125g,8809670681579,737,7.99
EDGE U,VAMPIRE BLACK,8809785847303,578,1.1
EDGE U,SPARKLING WINE,8809785846856,803,1.1
KSECRET,(GLOBAL) Sun : Pine Tree + Ceramide 50ml,8809695240492,0,6.5
EDGE U,CROSS GREEN MAGNET,8809785848478,1066,1.1
TIRTIR,MASK FIT RED CUSHION 28N OAT,8809928137438,0,10.23
Heimish,Moringa Ceramide Collagen Enriched Moisturizer 120ml,8809481762283,0,7.3
EDGE U,GLAM WHITE FRENCH,8809785847273,694,1.1
EDGE U,VERI PERI TRICK,8809785846733,512,1.1
EDGE U,PUPLE HOLE MAGNET,8809785848386,767,1.1
PURITO SEOUL,Wonder Releaf Centella BB Cream #29 Caramel Beige 30ml,8809563103720,2316,4.55
Heimish,Moringa Ceramide BB Cream SPF 30 PA++ 19 Fair Beige,8809481762320,0,4.99
Heimish,(EU) RX AMINO BIOTIN REVITALIZING SHAMPOO 400ml,8809481762566,561,7.57
ARENCIA,Holy Hyssop Serum 12 30ml,8809562191629,0,6.11
FWEE,Lip&Cheek Blurry Pudding Pot RS01 Feel'n 5g,8809652582733,1594,8.09
FWEE,Lip&Cheek Blurry Pudding Pot ND01 Oh! 5g,8809652582481,825,8.09
FWEE,Lip&Cheek Blurry Pudding Pot RD04 Fav 5g,8809652582665,770,8.09
FWEE,Lip&Cheek Blurry Pudding Pot ND02 Like 5g,8809652582498,935,8.09
FWEE,Lip&Cheek Blurry Pudding Pot RD03 Ambitious 5g,8809652582658,1306,8.09
ELROEL,BLANC COVER CREAM STICK LIGHT 13g,8809527486654,0,10.89
FWEE,Lip&Cheek Blurry Pudding Pot ND05 Be 5g,8809652582528,779,8.09
TIRTIR,MASK FIT RED CUSHION 22C PEACH BEIGE,8809928137407,0,10.23
Heimish,Moringa Ceramide Hyaluronic Acid Hydrating Watery Sunscreen 50ml,8809481762306,0,6.16
TIRTIR,MASK FIT RED CUSHION 29N NATURAL BEIGE,8809928133881,266,10.23
AXIS-Y,Artichoke Intensive Skin Barrier Ampoule 30ml,8809115027917,1041,8.2
Heimish,Moringa Ceramide Hyaluronic Hydrating Cream 50ml,8809481762290,0,7.3
FWEE,Lip&Cheek Blurry Pudding Pot MV04 Slayyy 5g,8809652582719,681,8.09
ARENCIA,(EU Package) Fresh Red Smoothie Serum 8 30ML,8809562191735,0,6.11
FWEE,Lip&Cheek Blurry Pudding Pot CR03 BFF 5g,8809652582559,1008,8.09
Haruharu Wonder,Black Rice Facial Oil,8809532220731,0,8.28
TIRTIR,MASK FIT RED CUSHION 34N PECAN,8809928135885,0,10.23
TIRTIR,MASK FIT RED CUSHION 55N ESPRESSO,8809928135922,0,10.23
FWEE,Lip&Cheek Blurry Pudding Pot RD01 D-Day 5g,8809652582634,808,8.09
TIRTIR,Mask Fit Red Cushion 35N Walnut,8809928134918,0,10.23
FWEE,Lip&Cheek Blurry Pudding Pot PK04 Crush 5g,8809652582610,808,8.09
COSRX,AC Collection Calming Liquid Intensive 125ml (EU Package),8809598453029,0,8.06
Haruharu Wonder,Black Rice Moisture 5.5 Soft Cleansing Gel 2ml,880SG00001501,0,0.13
TIRTIR,MASK FIT RED CUSHION 34W TOFFEE,8809928135892,0,10.23
AXIS-Y,Mugwort Pore Clarifying Wash Off Pack 100ml,8809634610102,277,8.47
FWEE,Lip&Cheek Blurry Pudding Pot CR01 Dear 5g,8809652582535,702,8.09
TIRTIR,MASK FIT RED CUSHION 51N FUDGE,8809928135915,0,10.23
TIRTIR,MASK FIT RED CUSHION 33W GINGER,8809928135861,0,10.23
Haruharu Wonder,Black Bamboo Mist 150ml,8809532220748,0,7.18
TIRTIR,Mask Fit Red Cushion 33C Hazel,8809928134895,309,10.23
FWEE,Lip&Cheek Blurry Pudding Pot MV01 Chill'n 5g,8809652582689,676,8.09
FWEE,Lip&Cheek Blurry Pudding Pot RD05 Greedy 5g,8809652582672,838,8.09
Mary&May,(EU) Vegan Niacinamide Panthenol Sun Cushion SPF50+ PA++++ 25g,8809670682040,0,5.27
Mary&May,(X) Vegan Blackberry Complex Multi Sun balm SPF50+ PA++++ 10g,8809670682026,0,4.59
FWEE,Lip&Cheek Blurry Pudding Pot MV02 Hurt 5g,8809652582696,860,8.09
Haruharu Wonder,Black Rice Hyaluronic Essence,8809532220885,0,7.18
AXIS-Y,Biome Resetting Moringa Cleansing Oil 200ml,8809634610508,0,11.58
TIRTIR,MASK FIT RED MINI CUSHION 34N PECAN,8809928135786,0,5.96
FWEE,Lip&Cheek Blurry Pudding Pot MV05 Boss 5g,8809652582726,863,8.09
Heimish,(EU) Matcha Biome Amino Acne Cleansing Foam 150g,8809481761811,857,3.74
TIRTIR,MASK FIT RED CUSHION 34C AMBER,8809928135878,233,10.23
Heimish,(EU) Bulgarian Rose Hydrogel Eye Patch 60ea,8809481760883,1184,4.43
AXIS-Y,Quinoa One-Step balanced Gel Cleanser 180ml,8809634610027,0,7.37
AXIS-Y,Cera-Heart My Type Duo Cream 60ml,8809634610041,322,10.41
Haruharu Wonder,Black Bamboo Daily Soothing Sun Shield,8809532221929,1790,7.04
EDGE U,MIRROR PINK BEIGE,8809785848201,860,1.1
EDGE U,RED BLANKET CHECK,8809785846917,1111,1.1
EDGE U,SHERBET RECIPE,8809785847129,752,1.1
TIRTIR,MASK FIT RED MINI CUSHION 37C ALMOND,8809928135809,0,5.96
Jumiso,Blackhead melting softner 150ml + cotton pad(40pads) + cotton Swab 10ea,8809655951970,863,8.62
EDGE U,ASH PINK,8809785846498,1180,1.1
EDGE U,SHOP CARE FREE TOP GEL,8809785840281,0,1.1
EDGE U,COTTON CASHMERE,8809785846559,1180,1.1
EDGE U,CREAM BEIGE,8809952590704,0,1.1
EDGE U,ANTIQUE FRENCH,8809785846948,1044,1.1
EDGE U,BLACK SUGAR BONBON CHOCOLAT,8809785846610,1284,1.1
Heimish,(EU) (Renew) Artless Glow Base 40ml SPF50+ PA++++,8809481760463,208,5.78
EDGE U,PEACH NUDE,8809952590643,0,1.1
EDGE U,EXTREME BLACK,8809785846979,519,1.1
EDGE U,CASUAL STREET LOOK,8809785846795,1184,1.1
EDGE U,PEARL LOCKET,8809785847099,1418,1.1
EDGE U,NEW TWEED,8809785847181,1540,1.1
EDGE U,GLAM BURGANDY FRENCH,8809785847211,1415,1.1
EDGE U,Shop care gel off serum,8809709898473,0,1.1
EDGE U,THE CASHMERE,8809785846672,1379,1.1
EDGE U,FORMAL TWEED,8809785847150,1412,1.1
EDGE U,JOYFUL CHECK,8809785846825,1182,1.1
EDGE U,ZEBRA NEON GLOW,8809785848683,531,1.1
EDGE U,BLUE HOLE MAGNET,8809785848416,1126,1.1
EDGE U,BOHEMIAN NEON GLOW,8809785848652,524,1.1
EDGE U,BLACK FRENCH,8809785847334,890,1.1
EDGE U,CHOCOLAT NUANCE,8809785846580,1101,1.1
EDGE U,CROSS BLACK MAGNETIC,8809785848447,790,1.1
EDGE U,CLOUDY NEON GLOW,8809785848560,407,1.1
EDGE U,CORAL STONE BLUSHER,8809785847037,844,1.1
EDGE U,LEOPARD BLACK,8809785847006,872,1.1
EDGE U,RACING CHECK,8809785846436,293,1.1
AXIS-Y,New Skin Resolution Gel Mask 100ml,8809634610140,209,8.66
EDGE U,ROCK CHIC NEON GLOW,8809785848591,229,1.1
Heimish,(EU) (Renew) Marine Care Eye Cream 30ml,8809481761217,1032,23.4
EDGE U,PLANET MAGNET,8809785848294,1128,1.1
EDGE U,BLACK HOLE MAGNET,8809785848355,1132,1.1
EDGE U,PURPLE NIGHT MAGNET,8809785848324,1127,1.1
TIRTIR,MASK FIT RED MINI CUSHION 17C PORCELAIN,8809679697489,0,5.96
TIRTIR,MASK FIT RED MINI CUSHION 17N VANILLA,8809928135625,0,5.96
TIRTIR,MASK FIT RED MINI CUSHION 21C COOL IVORY,8809928135649,0,5.96
TIRTIR,MASK FIT RED MINI CUSHION 21N IVORY,8809679697496,0,5.96
TIRTIR,MASK FIT RED MINI CUSHION 29N NATURAL BEIGE,8809928135670,0,5.96
celimax,Ji Woo Gae Cica BHA Blemish Toner Pad (60pads),8809783321225,0,8.88
COSRX,Advanced Snail Peptide Eye Cream 25 mL,8809598451070,0,16.25
ELROEL,BLANC COVER CREAM STICK DEEP 13g,8809527486661,564,10.89
FWEE,Lip&Cheek Glowy Jelly Pot JC01 Honey Peach 4g,8809652585536,687,5.37
FWEE,Lip&Cheek Glowy Jelly Pot JC02 Mellow Mango 4g,8809652585598,501,5.37
FWEE,Lip&Cheek Glowy Jelly Pot JC03 Juicy Punch 4g,8809652585734,681,5.37
FWEE,Lip&Cheek Glowy Jelly Pot Sugar Powder 4g,8809652585789,507,5.37
FWEE,Lip&Cheek Glowy Jelly Pot JM01 Compote 4g,8809652585581,687,5.37
FWEE,Lip&Cheek Glowy Jelly Pot JM02 Berry Jam 4g,8809652585642,321,5.37
FWEE,Lip&Cheek Glowy Jelly Pot JM03 Cream Tea 4g,8809652585772,321,5.37
FWEE,Lip&Cheek Glowy Jelly Pot JN01 Lavender Whip 4g,8809652585567,327,5.37
FWEE,Lip&Cheek Glowy Jelly Pot JN02 Milky 4g,8809652585628,321,5.37
FWEE,Lip&Cheek Glowy Jelly Pot JN03 Custard 4g,8809652585758,327,5.37
FWEE,Lip&Cheek Glowy Jelly Pot JP01 Sugar Coat 4g,8809652585543,687,5.37
FWEE,Lip&Cheek Glowy Jelly Pot JP02 Lolly 4g,8809652585604,507,5.37
FWEE,Lip&Cheek Glowy Jelly Pot JP03 Sweets 4g,8809652585741,327,5.37
FWEE,Lip&Cheek Glowy Jelly Pot JR01 Squeezed 4g,8809652585550,681,5.37
FWEE,Lip&Cheek Glowy Jelly Pot JR02 Sour Gummy 4g,8809652585611,327,5.37
FWEE,Lip&Cheek Glowy Jelly Pot JR03 Cherry Ppo 4g,8809652585727,687,5.37
FWEE,Lip&Cheek Glowy Jelly Pot JS01 Rosy Glaze 4g,8809652585574,681,5.37
FWEE,Lip&Cheek Glowy Jelly Pot JS02 Caramelized 4g,8809652585635,327,5.37
FWEE,Lip&Cheek Glowy Jelly Pot JS03 Couverture 4g,8809652585765,327,5.37
Heimish,(EU) Moringa Ceramide BB Cream SPF 30 PA++ 21 Light Beige,8809481762337,0,4.77
Heimish,(EU) Moringa Ceramide BB Cream SPF 30 PA++ 23 Light Medium,8809481761903,0,4.77
Heimish,(EU) Moringa Ceramide BB Cream SPF 30 PA++ 27 Light Tan,8809481761927,0,4.77
Heimish,(EU) Moringa Ceramide BB Cream SPF 30 PA++ 28 Tan,8809481762344,216,14.3
Heimish,(EU) Moringa Ceramide BB Cream SPF 30 PA++ 29 Dark Olive,8809481762351,0,14.3
Heimish,(EU) Moringa Ceramide BB Cream SPF 30 PA++ 31 Deep,8809481762146,240,14.3
Heimish,(EU) RX AHA BHA Enzyme Scrub 130ml,8809481762542,205,4.82
Heimish,(EU) RX Hyaluronic Acid Rich Whipped Cream 50ml,8809481762580,476,23.4
Heimish,(EU) RX Hyaluronic Acid Hydrating Serum 35ml,8809481762658,481,5.68
Nature Republic,(EU) HAND & NATURE APPLE MANGO JELLY HAND CREAM,8806173488520,600,1.87
Nature Republic,(EU) HAND & NATURE BLOOMING ROSE HAND CREAM 30ml,8806173488544,497,1.87
Nature Republic,(EU) HAND & NATURE FIG TREE HAND CREAM 30ml,8806173488513,713,1.87
Nature Republic,(EU) HAND & NATURE PEACH LIQUOR HAND CREAM 30ml,8806173488506,278,1.87
Nature Republic,(EU) REAL NATURE SHEET MASK ACAI BERRY 23ml,8806173496280,14232,0.39
Nature Republic,(EU) REAL NATURE SHEET MASK ALOE 23ml,8806173495917,12876,0.39
Nature Republic,(EU) REAL NATURE SHEET MASK AVOCADO 23ml,8806173495955,15384,0.39
Nature Republic,(EU) Real Nature Mask Sheet/ Chamomile 23ml,8806173496297,12108,0.39
Nature Republic,(EU) REAL NATURE SHEET MASK GREEN TEA 23ml,8806173495962,15780,0.39
Nature Republic,(EU) REAL NATURE SHEET MASK BAMBOO 23ml,8806173495931,15636,0.39
Nature Republic,(EU) REAL NATURE SHEET MASK OLIVE 23ml,8806173495948,16020,0.39
Nature Republic,(EU) Real Nature Mask Sheet/ Orange 23ml,8806173496310,15396,0.39
Nature Republic,(EU) Real Nature Mask Sheet/ Rose23ml,8806173496327,14220,0.39
Nature Republic,(EU) REAL NATURE SHEET MASK ROYAL JELLY 23ml,8806173496273,14412,0.39
COSRX,COSRX Master Patch Intensive_90pcs,8809598453814,487,7.34
COSRX,Advanced Snail 92 All in one cream_Tube 50g (EU Package),8809598455559,3750,3.63
Skin1004,Madagascar Centella Toning Toner 210ml,8809913830825,558,8.26
Skin1004,Spot Cover Patch,8809913831143,1083,2.21
Skin1004,(EU) Madagascar Centella Ampoule 100ml,8809913830795,0,10.55
Skin1004,(EU) Madagascar Centella Soothing Cream 30ml,8809913831303,0,2.89
Skin1004,(EU) Madagascar Centella Hyalu-Cica Blue Serum 50ml,8809913831099,284,8.16
Skin1004,(EU) Madagascar Centella Ampoule Foam 125ml (EU package),8809913830818,4895,6.59
Skin1004,(EU) Madagascar Centella Hyalu-Cica Water-Fit Sun Serum 50ml (EU Package),8809913830450,18000,6.28
